<?xml version="1.0" encoding="UTF-8"?>
<export version="D">
  <design>
    <source>/home/gustavo/Área de Trabalho/Unicamp/Graduação/Decimo semestre/EA075/BlackBox/BlackBox/BlackBox.sch</source>
    <date>Ter 17 Out 2023 17:40:19 -03</date>
    <tool>Eeschema 5.1.12-84ad8e8a86~92~ubuntu16.04.1</tool>
    <sheet number="1" name="/" tstamps="/">
      <title_block>
        <title>Black Box</title>
        <company>FEEC - EA075</company>
        <rev>v1.0</rev>
        <date/>
        <source>BlackBox.sch</source>
        <comment number="1" value="C. R. Coldebela"/>
        <comment number="2" value="G. S. Reis"/>
        <comment number="3" value=""/>
        <comment number="4" value=""/>
      </title_block>
    </sheet>
  </design>
  <components>
    <comp ref="A1">
      <value>BMP280_Module</value>
      <footprint>Charleslabs_Parts:BMP280_Module</footprint>
      <libsource lib="Charleslabs_Parts" part="BMP280_Module" description=""/>
      <sheetpath names="/" tstamps="/"/>
      <tstamp>6529DEFD</tstamp>
    </comp>
    <comp ref="U1">
      <value>WeMos_D1_mini</value>
      <footprint>Module:WEMOS_D1_mini_light</footprint>
      <datasheet>https://wiki.wemos.cc/products:d1:d1_mini#documentation</datasheet>
      <libsource lib="MCU_Module" part="WeMos_D1_mini" description="32-bit microcontroller module with WiFi"/>
      <sheetpath names="/" tstamps="/"/>
      <tstamp>652A689D</tstamp>
    </comp>
    <comp ref="SW1">
      <value>SW_SPST</value>
      <footprint>TerminalBlock_Phoenix:TerminalBlock_Phoenix_MKDS-1,5-2_1x02_P5.00mm_Horizontal</footprint>
      <datasheet>~</datasheet>
      <libsource lib="Switch" part="SW_SPST" description="Single Pole Single Throw (SPST) switch"/>
      <sheetpath names="/" tstamps="/"/>
      <tstamp>652C375C</tstamp>
    </comp>
    <comp ref="R4">
      <value>4.7k</value>
      <footprint>Resistor_THT:R_Axial_DIN0207_L6.3mm_D2.5mm_P15.24mm_Horizontal</footprint>
      <datasheet>~</datasheet>
      <libsource lib="Device" part="R" description="Resistor"/>
      <sheetpath names="/" tstamps="/"/>
      <tstamp>652C700F</tstamp>
    </comp>
    <comp ref="C1">
      <value>100n</value>
      <footprint>Capacitor_THT:C_Rect_L4.6mm_W2.0mm_P2.50mm_MKS02_FKP02</footprint>
      <datasheet>~</datasheet>
      <libsource lib="Device" part="C" description="Unpolarized capacitor"/>
      <sheetpath names="/" tstamps="/"/>
      <tstamp>652BE9F2</tstamp>
    </comp>
    <comp ref="BT1">
      <value>LiIon-18650</value>
      <footprint>Battery:BatteryHolder_Keystone_1042_1x18650</footprint>
      <datasheet>~</datasheet>
      <libsource lib="Device" part="Battery_Cell" description="Single-cell battery"/>
      <sheetpath names="/" tstamps="/"/>
      <tstamp>652A16D4</tstamp>
    </comp>
    <comp ref="R1">
      <value>82</value>
      <footprint>Resistor_THT:R_Axial_DIN0207_L6.3mm_D2.5mm_P15.24mm_Horizontal</footprint>
      <datasheet>~</datasheet>
      <libsource lib="Device" part="R" description="Resistor"/>
      <sheetpath names="/" tstamps="/"/>
      <tstamp>6530919D</tstamp>
    </comp>
    <comp ref="R2">
      <value>1k</value>
      <footprint>Resistor_THT:R_Axial_DIN0207_L6.3mm_D2.5mm_P15.24mm_Horizontal</footprint>
      <datasheet>~</datasheet>
      <libsource lib="Device" part="R" description="Resistor"/>
      <sheetpath names="/" tstamps="/"/>
      <tstamp>6530BA62</tstamp>
    </comp>
    <comp ref="R3">
      <value>3k</value>
      <footprint>Resistor_THT:R_Axial_DIN0207_L6.3mm_D2.5mm_P15.24mm_Horizontal</footprint>
      <datasheet>~</datasheet>
      <libsource lib="Device" part="R" description="Resistor"/>
      <sheetpath names="/" tstamps="/"/>
      <tstamp>6530C199</tstamp>
    </comp>
    <comp ref="U2">
      <value>TL431LP</value>
      <footprint>Package_TO_SOT_THT:TO-92_Inline</footprint>
      <datasheet>http://www.ti.com/lit/ds/symlink/tl431.pdf</datasheet>
      <libsource lib="Reference_Voltage" part="TL431LP" description="Shunt Regulator, TO-92"/>
      <sheetpath names="/" tstamps="/"/>
      <tstamp>65315664</tstamp>
    </comp>
  </components>
  <libparts>
    <libpart lib="Charleslabs_Parts" part="BMP280_Module">
      <fields>
        <field name="Reference">A</field>
        <field name="Value">BMP280_Module</field>
        <field name="Footprint">Charleslabs_Parts:BMP280_Module</field>
      </fields>
      <pins>
        <pin num="1" name="VCC" type="power_in"/>
        <pin num="2" name="GND" type="power_in"/>
        <pin num="3" name="SCL" type="input"/>
        <pin num="4" name="SDA" type="BiDi"/>
        <pin num="5" name="CSB" type="input"/>
        <pin num="6" name="SD0" type="input"/>
      </pins>
    </libpart>
    <libpart lib="Device" part="Battery_Cell">
      <description>Single-cell battery</description>
      <docs>~</docs>
      <fields>
        <field name="Reference">BT</field>
        <field name="Value">Battery_Cell</field>
      </fields>
      <pins>
        <pin num="1" name="+" type="passive"/>
        <pin num="2" name="-" type="passive"/>
      </pins>
    </libpart>
    <libpart lib="Device" part="C">
      <description>Unpolarized capacitor</description>
      <docs>~</docs>
      <footprints>
        <fp>C_*</fp>
      </footprints>
      <fields>
        <field name="Reference">C</field>
        <field name="Value">C</field>
      </fields>
      <pins>
        <pin num="1" name="~" type="passive"/>
        <pin num="2" name="~" type="passive"/>
      </pins>
    </libpart>
    <libpart lib="Device" part="R">
      <description>Resistor</description>
      <docs>~</docs>
      <footprints>
        <fp>R_*</fp>
      </footprints>
      <fields>
        <field name="Reference">R</field>
        <field name="Value">R</field>
      </fields>
      <pins>
        <pin num="1" name="~" type="passive"/>
        <pin num="2" name="~" type="passive"/>
      </pins>
    </libpart>
    <libpart lib="MCU_Module" part="WeMos_D1_mini">
      <description>32-bit microcontroller module with WiFi</description>
      <docs>https://wiki.wemos.cc/products:d1:d1_mini#documentation</docs>
      <footprints>
        <fp>WEMOS*D1*mini*</fp>
      </footprints>
      <fields>
        <field name="Reference">U</field>
        <field name="Value">WeMos_D1_mini</field>
        <field name="Footprint">Module:WEMOS_D1_mini_light</field>
      </fields>
      <pins>
        <pin num="1" name="~RST" type="input"/>
        <pin num="2" name="A0" type="input"/>
        <pin num="3" name="D0" type="BiDi"/>
        <pin num="4" name="SCK/D5" type="BiDi"/>
        <pin num="5" name="MISO/D6" type="BiDi"/>
        <pin num="6" name="MOSI/D7" type="BiDi"/>
        <pin num="7" name="CS/D8" type="BiDi"/>
        <pin num="8" name="3V3" type="power_out"/>
        <pin num="9" name="5V" type="power_in"/>
        <pin num="10" name="GND" type="power_in"/>
        <pin num="11" name="D4" type="BiDi"/>
        <pin num="12" name="D3" type="BiDi"/>
        <pin num="13" name="SDA/D2" type="BiDi"/>
        <pin num="14" name="SCL/D1" type="BiDi"/>
        <pin num="15" name="RX" type="input"/>
        <pin num="16" name="TX" type="output"/>
      </pins>
    </libpart>
    <libpart lib="Reference_Voltage" part="TL431LP">
      <description>Shunt Regulator, TO-92</description>
      <docs>http://www.ti.com/lit/ds/symlink/tl431.pdf</docs>
      <footprints>
        <fp>TO*92*</fp>
      </footprints>
      <fields>
        <field name="Reference">U</field>
        <field name="Value">TL431LP</field>
        <field name="Footprint">Package_TO_SOT_THT:TO-92_Inline</field>
      </fields>
      <pins>
        <pin num="1" name="REF" type="passive"/>
        <pin num="2" name="A" type="passive"/>
        <pin num="3" name="K" type="passive"/>
      </pins>
    </libpart>
    <libpart lib="Switch" part="SW_SPST">
      <description>Single Pole Single Throw (SPST) switch</description>
      <docs>~</docs>
      <fields>
        <field name="Reference">SW</field>
        <field name="Value">SW_SPST</field>
      </fields>
      <pins>
        <pin num="1" name="A" type="passive"/>
        <pin num="2" name="B" type="passive"/>
      </pins>
    </libpart>
  </libparts>
  <libraries>
    <library logical="Charleslabs_Parts">
      <uri>/home/gustavo/Área de Trabalho/Unicamp/Graduação/Decimo semestre/EA075/BlackBox/BlackBox/lib/Charleslabs/Charleslabs_Parts.lib</uri>
    </library>
    <library logical="Device">
      <uri>/usr/share/kicad/library/Device.lib</uri>
    </library>
    <library logical="MCU_Module">
      <uri>/usr/share/kicad/library/MCU_Module.lib</uri>
    </library>
    <library logical="Reference_Voltage">
      <uri>/usr/share/kicad/library/Reference_Voltage.lib</uri>
    </library>
    <library logical="Switch">
      <uri>/usr/share/kicad/library/Switch.lib</uri>
    </library>
  </libraries>
  <nets>
    <net code="1" name="Net-(U1-Pad12)">
      <node ref="U1" pin="12"/>
    </net>
    <net code="2" name="GND">
      <node ref="R3" pin="2"/>
      <node ref="U2" pin="2"/>
      <node ref="U1" pin="10"/>
      <node ref="A1" pin="2"/>
      <node ref="R4" pin="2"/>
      <node ref="BT1" pin="2"/>
      <node ref="C1" pin="2"/>
    </net>
    <net code="3" name="Net-(BT1-Pad1)">
      <node ref="BT1" pin="1"/>
      <node ref="R1" pin="2"/>
    </net>
    <net code="4" name="Net-(U1-Pad7)">
      <node ref="U1" pin="7"/>
    </net>
    <net code="5" name="Net-(U1-Pad6)">
      <node ref="U1" pin="6"/>
    </net>
    <net code="6" name="Net-(U1-Pad5)">
      <node ref="U1" pin="5"/>
    </net>
    <net code="7" name="Net-(U1-Pad4)">
      <node ref="U1" pin="4"/>
    </net>
    <net code="8" name="Net-(U1-Pad9)">
      <node ref="U1" pin="9"/>
    </net>
    <net code="9" name="Net-(U1-Pad3)">
      <node ref="U1" pin="3"/>
    </net>
    <net code="10" name="Net-(U1-Pad2)">
      <node ref="U1" pin="2"/>
    </net>
    <net code="11" name="Net-(U1-Pad16)">
      <node ref="U1" pin="16"/>
    </net>
    <net code="12" name="Net-(U1-Pad15)">
      <node ref="U1" pin="15"/>
    </net>
    <net code="13" name="Net-(U1-Pad1)">
      <node ref="U1" pin="1"/>
    </net>
    <net code="14" name="Net-(R2-Pad2)">
      <node ref="R2" pin="2"/>
      <node ref="U2" pin="1"/>
      <node ref="R3" pin="1"/>
    </net>
    <net code="15" name="+3V3">
      <node ref="C1" pin="1"/>
      <node ref="SW1" pin="2"/>
      <node ref="A1" pin="1"/>
      <node ref="R1" pin="1"/>
      <node ref="U1" pin="8"/>
      <node ref="U2" pin="3"/>
      <node ref="R2" pin="1"/>
    </net>
    <net code="16" name="Net-(A1-Pad6)">
      <node ref="A1" pin="6"/>
    </net>
    <net code="17" name="Net-(A1-Pad5)">
      <node ref="A1" pin="5"/>
    </net>
    <net code="18" name="SCL">
      <node ref="U1" pin="14"/>
      <node ref="A1" pin="3"/>
    </net>
    <net code="19" name="SDA">
      <node ref="U1" pin="13"/>
      <node ref="A1" pin="4"/>
    </net>
    <net code="20" name="RBF_switch">
      <node ref="SW1" pin="1"/>
      <node ref="R4" pin="1"/>
      <node ref="U1" pin="11"/>
    </net>
  </nets>
</export>
