Reference, Value, Footprint, Datasheet
"A1","BMP280_Module","Charleslabs_Parts:BMP280_Module",""
"U1","WeMos_D1_mini","Module:WEMOS_D1_mini_light","https://wiki.wemos.cc/products:d1:d1_mini#documentation"
"SW1","SW_SPST","TerminalBlock_Phoenix:TerminalBlock_Phoenix_MKDS-1,5-2_1x02_P5.00mm_Horizontal","~"
"R4","4.7k","Resistor_THT:R_Axial_DIN0207_L6.3mm_D2.5mm_P15.24mm_Horizontal","~"
"C1","100n","Capacitor_THT:C_Rect_L4.6mm_W2.0mm_P2.50mm_MKS02_FKP02","~"
"BT1","LiIon-18650","Battery:BatteryHolder_Keystone_1042_1x18650","~"
"R1","82","Resistor_THT:R_Axial_DIN0207_L6.3mm_D2.5mm_P15.24mm_Horizontal","~"
"R2","1k","Resistor_THT:R_Axial_DIN0207_L6.3mm_D2.5mm_P15.24mm_Horizontal","~"
"R3","3k","Resistor_THT:R_Axial_DIN0207_L6.3mm_D2.5mm_P15.24mm_Horizontal","~"
"U2","TL431LP","Package_TO_SOT_THT:TO-92_Inline","http://www.ti.com/lit/ds/symlink/tl431.pdf"
